Type,Name,Request Count,Failure Count,Median Response Time,Average Response Time,Min Response Time,Max Response Time,Average Content Size,Requests/s,Failures/s,50%,66%,75%,80%,90%,95%,98%,99%,99.9%,99.99%,100%
GET,/api/[url_dinamica],7758,1552,42,150.98793106450722,3.061800030991435,5690.719400008675,71764.82869296211,64.13522318360268,12.830351428325773,42,64,96,300,570,670,760,820,1700,5700,5700
,Aggregated,7758,1552,42,150.98793106450722,3.061800030991435,5690.719400008675,71764.82869296211,64.13522318360268,12.830351428325773,42,64,96,300,570,670,760,820,1700,5700,5700
